Setting,Evaluated Windows,Ignored Windows,Accuracy,Precision,Recall,F1-score,AUC-PR,Positive Windows
rule_any,98377,78,0.7662055155168382,0.6481262560586357,0.3914393831215193,0.4880925884709548,0.42698451476882,16918
rule_high_conf,98377,78,0.7928987466582637,0.8517870302137067,0.33010852491789233,0.47581558094061954,0.47192796449354024,10856
rule_soft,98377,78,0.7587850818788945,0.6618781188567973,0.3125089247465372,0.4245598719627528,0.4025999575927084,13226
rule_conservative,98377,78,0.7937526047755065,0.8409572589191099,0.3399614450949593,0.48418751271100263,0.4738333155969398,11324
